<Experiment readonly="false" description="" groupId="0" mode="normal">
  <World link="PanoTown01" traffic="true" hostId="0" nodeId="0" />
  <Vehicle link="C_Class_Sedan_Lidar" hostId="0" nodeId="0" type="PanoSim-Raw" />
  <Task>
    <Trajectory Z="0">
      <KeyPoints>
        <KeyPoint X="92.47" Y="69.95" type="Road" Lane="24_0" />
      </KeyPoints>
      <WayPoints>
        <WayPoint X="92.47" Y="69.95" />
        <WayPoint X="92.45" Y="169.95" />
      </WayPoints>
      <Edges>
        <Edge id="24" Direction="S" />
      </Edges>
    </Trajectory>
    <SpeedTable>
      <SpeedTime Time="0" Speed="0" />
    </SpeedTable>
    <ParkingSpot enable="False" Number="0" />
  </Task>
  <TrafficObjects>
    <TrafficObject type="Vehicle" shape="1">
      <Trigger type="Time" value="0" />
      <Task>
        <Trajectory Static="true" Z="0">
          <KeyPoints>
            <KeyPoint X="18.19" Y="194.04" type="Free" Lane="-" />
          </KeyPoints>
          <WayPoints>
            <WayPoint X="18.19" Y="194.04" />
            <WayPoint X="-81.81" Y="194.04" />
          </WayPoints>
        </Trajectory>
        <SpeedTable>
          <SpeedTime Time="0" Speed="10" />
        </SpeedTable>
      </Task>
    </TrafficObject>
    <TrafficObject type="Vehicle" shape="15">
      <Trigger type="Time" value="0" />
      <Task>
        <Trajectory Static="true" Z="0">
          <KeyPoints>
            <KeyPoint X="18.19" Y="197.04" type="Free" Lane="-" />
          </KeyPoints>
          <WayPoints>
            <WayPoint X="18.19" Y="197.04" />
            <WayPoint X="-81.81" Y="197.04" />
          </WayPoints>
        </Trajectory>
        <SpeedTable>
          <SpeedTime Time="0" Speed="10" />
        </SpeedTable>
      </Task>
    </TrafficObject>
    <TrafficObject type="Vehicle" shape="13">
      <Trigger type="Time" value="0" />
      <Task>
        <Trajectory Static="true" Z="0">
          <KeyPoints>
            <KeyPoint X="18.19" Y="191.04" type="Free" Lane="-" />
          </KeyPoints>
          <WayPoints>
            <WayPoint X="18.19" Y="191.04" />
            <WayPoint X="-81.81" Y="191.04" />
          </WayPoints>
        </Trajectory>
        <SpeedTable>
          <SpeedTime Time="0" Speed="10" />
        </SpeedTable>
      </Task>
    </TrafficObject>
    <TrafficObject type="Vehicle" shape="3">
      <Trigger type="Time" value="0" />
      <Task>
        <Trajectory Static="true" Z="0">
          <KeyPoints>
            <KeyPoint X="19" Y="182.27" type="Free" Lane="-" />
          </KeyPoints>
          <WayPoints>
            <WayPoint X="19" Y="182.27" />
            <WayPoint X="19" Y="282.27" />
          </WayPoints>
        </Trajectory>
        <SpeedTable>
          <SpeedTime Time="0" Speed="10" />
        </SpeedTable>
      </Task>
    </TrafficObject>
    <TrafficObject type="Vehicle" shape="15">
      <Trigger type="Time" value="0" />
      <Task>
        <Trajectory Static="true" Z="0">
          <KeyPoints>
            <KeyPoint X="19" Y="164.27" type="Free" Lane="-" />
          </KeyPoints>
          <WayPoints>
            <WayPoint X="19" Y="164.27" />
            <WayPoint X="19" Y="264.27" />
          </WayPoints>
        </Trajectory>
        <SpeedTable>
          <SpeedTime Time="0" Speed="10" />
        </SpeedTable>
      </Task>
    </TrafficObject>
    <TrafficObject type="Vehicle" shape="1">
      <Trigger type="Time" value="0" />
      <Task>
        <Trajectory Static="true" Z="0">
          <KeyPoints>
            <KeyPoint X="19" Y="170.27" type="Free" Lane="-" />
          </KeyPoints>
          <WayPoints>
            <WayPoint X="19" Y="170.27" />
            <WayPoint X="19" Y="270.27" />
          </WayPoints>
        </Trajectory>
        <SpeedTable>
          <SpeedTime Time="0" Speed="10" />
        </SpeedTable>
      </Task>
    </TrafficObject>
    <TrafficObject type="Vehicle" shape="6">
      <Trigger type="Time" value="0" />
      <Task>
        <Trajectory Static="true" Z="0">
          <KeyPoints>
            <KeyPoint X="19" Y="176.27" type="Free" Lane="-" />
          </KeyPoints>
          <WayPoints>
            <WayPoint X="19" Y="176.27" />
            <WayPoint X="19" Y="276.27" />
          </WayPoints>
        </Trajectory>
        <SpeedTable>
          <SpeedTime Time="0" Speed="10" />
        </SpeedTable>
      </Task>
    </TrafficObject>
  </TrafficObjects>
  <Disturbance />
  <Agent />
  <Evaluator />
  <Simulation Solver="ode1" Step="0.001" StopTime="0" Speed="1" UtcTime="0" MultiAgentMode="None" ServerIP="127.0.0.1" ServerPort="1018" />
  <GlobalVariables Variable0="0" Variable1="0" Variable2="0" Variable3="0" Variable4="0" Variable5="0" Variable6="0" Variable7="0" Variable8="0" Variable9="0" />
</Experiment>