<Experiment readonly="false" description="" groupId="0" mode="normal">
  <World link="PanoTown01" traffic="false" hostId="0" nodeId="0" />
  <Vehicle link="C_Class_Sedan_Lidar" hostId="0" nodeId="0" type="PanoSim-Raw" />
  <Task>
    <Trajectory Z="0">
      <KeyPoints>
        <KeyPoint X="6.23" Y="308.34" type="Road" Lane="E0_0" />
      </KeyPoints>
      <WayPoints>
        <WayPoint X="6.23" Y="308.34" />
        <WayPoint X="5.92" Y="208.34" />
      </WayPoints>
      <Edges>
        <Edge id="E0" Direction="S" />
      </Edges>
    </Trajectory>
    <SpeedTable>
      <SpeedTime Time="0" Speed="0" />
    </SpeedTable>
    <ParkingSpot enable="False" Number="0" />
  </Task>
  <TrafficObjects>
    <TrafficObject type="Pedestrian" shape="1">
      <Trigger type="Distance" value="20" />
      <Task>
        <Trajectory Static="false" Z="0">
          <KeyPoints>
            <KeyPoint X="1.77" Y="154.8" type="Free" Lane="" />
            <KeyPoint X="21.12" Y="154.88" type="Free" Lane="" />
          </KeyPoints>
          <WayPoints>
            <WayPoint X="1.77" Y="154.8" />
            <WayPoint X="21.12" Y="154.88" />
          </WayPoints>
        </Trajectory>
        <SpeedTable>
          <SpeedTime Time="0" Speed="3" />
        </SpeedTable>
      </Task>
    </TrafficObject>
    <TrafficObject type="Vehicle" shape="1">
      <Trigger type="Time" value="0" />
      <Task>
        <Trajectory Static="false" Z="0">
          <KeyPoints>
            <KeyPoint X="5.3" Y="202.36" type="Road" Lane="E0_0" />
          </KeyPoints>
          <WayPoints>
            <WayPoint X="5.3" Y="202.36" />
            <WayPoint X="4.99" Y="102.36" />
          </WayPoints>
        </Trajectory>
        <SpeedTable>
          <SpeedTime Time="0" Speed="0" />
        </SpeedTable>
      </Task>
    </TrafficObject>
  </TrafficObjects>
  <Disturbance />
  <Agent />
  <Evaluator />
  <Simulation Solver="ode1" Step="0.001" StopTime="0" Speed="1" UtcTime="0" MultiAgentMode="None" ServerIP="127.0.0.1" ServerPort="1018" />
  <GlobalVariables Variable0="0" Variable1="0" Variable2="0" Variable3="0" Variable4="0" Variable5="0" Variable6="0" Variable7="0" Variable8="0" Variable9="0" />
</Experiment>