<Vehicle readonly="false">
  <Shape id="67" />
  <Dynamics link="C_Class_Sedan\C_Class_Sedan.par" type="PanoSim-Raw" />
  <Sensors>
    <Sensor X="-1" Y="0" enable="true" Yaw="0" Pitch="0" Roll="0" Z="1.2" link="MonoCameraSensor/MonoCameraSensor.json" Category="Mono_Camera_Sensor" hostId="0" nodeId="0" FovVertical="0" Type="Mono" Distance="300" FovHorizontal="60" focallength="20" Frequency="30" pixelsizeX="4.2" pixelsizeY="4.2" resolutionwidth="800" resolutionheight="400" nothing3="FALSE" nothing2="0" screenNumber="1" location="Full" fx="500" fy="500" k1="0" k2="0" k3="0" p1="0" p2="0" cx="400" cy="200" auto_effect_weight="0.5" temperature="20" Aperture="3.2" ShutterSpeed="0.0005" _gamma="2.2" param_r="fname_poly_red_1.csv" param_b="fname_poly_blue_1.csv" m_mat="0" _Cam_NoiseLevel="0" _Poly="0,0,0,1" _red="0,0,1,0" _green="0,0,1,0" _blue="0,0,1,0" focus_distance="60" nothing="0" Camera_Type="False" Basic_Parameters="True" output="True" outputparameters="True" YUV422="False" OutputToMemory="True" OutputToScreen="False" distortion_flag="True" auto_effect="False" Physical_Effect="False" CA_flag="False" blur_flag="False" noise_flag="False" vignetting_flag="False" CT_flag="False" depth_of_field_flag="False" motion_blur_flag="False" />
    <Sensor X="-2.578" Y="0" enable="true" Yaw="0" Pitch="0" Roll="0" Z="1.5" link="SurroundLidarPointCloudSensor/SurroundLidarPointCloudSensor.json" Category="Surround_Lidar_Point_Cloud_Sensor" hostId="0" nodeId="0" Type="Lidar" Distance="250" FovHorizontal="360" RotationFrequency="10" MeasurementsPerRotation="1440" lidarSystemCoefficient="31611.51924" dropoff="0.01" FovVertical="41.33" RayCount="16" CenterAngle="10" LidarCloudVerticalRayAngles="LidarCloudVerticalRayAngles.csv" MateralCatalog="MateralCatalog.csv" fog_visibility="10" haze_visibility="10" rainfall="0" snowfall_wet="0" snowfall_dry="0" P_noise="0" Metal="0.89" Plastic="0.3" Rubber="0.3" Glass="0.03" Person="0.75" Plant="0.5" Wall="0.45" unknown="0.45" Parameter="False" Basic_Parameters="True" uniform="True" nonuniform="False" Weather="True" Fog="False" Haze="False" Rain="False" Snow_Wet="False" Snow_Dry="False" materialReflectivity="True" />
    <Sensor X="-2.578" Y="0" enable="true" Yaw="0" Pitch="0" Roll="0" Z="1.5" link="SurroundLidarPointCloudSensor/SurroundLidarPointCloudSensor.json" Category="Surround_Lidar_Point_Cloud_Sensor" hostId="0" nodeId="0" Type="Lidar" Distance="250" FovHorizontal="360" RotationFrequency="10" MeasurementsPerRotation="1440" lidarSystemCoefficient="31611.51924" dropoff="0.01" FovVertical="41.33" RayCount="16" CenterAngle="10" LidarCloudVerticalRayAngles="LidarCloudVerticalRayAngles.csv" MateralCatalog="MateralCatalog.csv" fog_visibility="10" haze_visibility="10" rainfall="0" snowfall_wet="0" snowfall_dry="0" P_noise="0" Metal="0.89" Plastic="0.3" Rubber="0.3" Glass="0.03" Person="0.75" Plant="0.5" Wall="0.45" unknown="0.45" Parameter="False" Basic_Parameters="True" uniform="True" nonuniform="False" Weather="True" Fog="False" Haze="False" Rain="False" Snow_Wet="False" Snow_Dry="False" materialReflectivity="True" />
    <Sensor X="0" Y="0" enable="true" Yaw="0" Distance="0" FovHorizontal="0" Pitch="0" Roll="0" Z="0" link="GNSS.py" Category="GNSS" hostId="0" nodeId="0" FovVertical="0" zone="51" hemisphere="N" year="2000" month="1" day="1" hour="20" minute="45" sec="0" Map_UTM_x0="0.06" Map_UTM_y0="328.61" Frequency="10" error_ionospheric="0" ionospheric_klobuchar_model="N" elev="90" error_tropospheric="0.000001" noise_pseudo_range_bias="0" noise_pseudo_range_stddev="1E-06" noise_alt_bias="0" noise_alt_stddev="0.1" noise_heading_bias="0" noise_heading_stddev="0.1" noise_velocity_bias="0" noise_velocity_stddev="0.1" OutputFormat="Timestamp@i,Longitude@d,Latitude@d,Altitude@d,Heading@d,Velocity@d" Basic_Parameters="True" Common_Mode_Error="False" Noise="True" Parameter="False" />
    <Sensor X="-2.578" Y="0" enable="true" Yaw="0" Distance="0" FovHorizontal="0" Pitch="0" Roll="0" Z="1.5" link="IMU.py" Category="IMU" hostId="0" nodeId="0" FovVertical="0" Frequency="30" noise_acc_x_bias="0.001" noise_acc_x_stddev="0.001" noise_acc_y_bias="0.001" noise_acc_y_stddev="0.001" noise_acc_z_bias="0.001" noise_acc_z_stddev="0.001" noise_gyro_x_bias="0.001" noise_gyro_x_stddev="0.001" noise_gyro_y_bias="0.001" noise_gyro_y_stddev="0.001" noise_gyro_z_bias="0.001" noise_gyro_z_stddev="0.001" noise_compass_bias="0.001" noise_compass_stddev="0.001" OutputFormat="Timestamp@i,ACC_X@d,ACC_Y@d,ACC_Z@d,Gyro_X@d,Gyro_Y@d,Gyro_Z@d,Yaw@d,Pitch@d,Roll@d" Basic_Parameters="True" Noise="True" Parameter="False" />
  </Sensors>
</Vehicle>